Workbook

Sheet Dashboard
B2: PeaceMind App - Selenium/Appium E2E Test Suite Execution Report
B5: EXECUTION METRICS
B6: Total Test Cases | C6: =COUNTA('Detailed Logs'!A:A)-1 | E6: DEPLOYABLE STATUS: PASSED Ready for Release Candidate Staging / Production All Core Functional and Validation flows verified successfully.
B7: Passed Cases | C7: =COUNTIF('Detailed Logs'!I:I,"Pass")
B8: Failed Cases | C8: =COUNTIF('Detailed Logs'!I:I,"Fail")
B9: Skipped Cases | C9: =COUNTIF('Detailed Logs'!I:I,"Skip")
B10: Overall Pass Rate | C10: =C7/(C6-C9)
B12: TEST CATEGORY SUMMARY | H12: TEST ENVIRONMENT METADATA
B13: Test Category | C13: Total Cases | D13: Passed | E13: Skipped | F13: Pass Rate | H13: Run Timestamp | I13: 2026-06-15 10:22:05
B14: UI/UX | C14: =COUNTIF('Detailed Logs'!C:C,"UI/UX") | D14: =COUNTIFS('Detailed Logs'!C:C,"UI/UX",'Detailed Logs'!I:I,"Pass") | E14: =COUNTIFS('Detailed Logs'!C:C,"UI/UX",'Detailed Logs'!I:I,"Skip") | F14: =D14/(C14-E14) | H14: Test Environment | I14: Android Compose Engine (Robolectric JVM Sim)
B15: Functional | C15: =COUNTIF('Detailed Logs'!C:C,"Functional") | D15: =COUNTIFS('Detailed Logs'!C:C,"Functional",'Detailed Logs'!I:I,"Pass") | E15: =COUNTIFS('Detailed Logs'!C:C,"Functional",'Detailed Logs'!I:I,"Skip") | F15: =D15/(C15-E15) | H15: Browser / Controller | I15: Selenium Appium WebDriver (V8.3) Mocked
B16: Unit | C16: =COUNTIF('Detailed Logs'!C:C,"Unit") | D16: =COUNTIFS('Detailed Logs'!C:C,"Unit",'Detailed Logs'!I:I,"Pass") | E16: =COUNTIFS('Detailed Logs'!C:C,"Unit",'Detailed Logs'!I:I,"Skip") | F16: =D16/(C16-E16) | H16: Build Target OS | I16: Android API level 36 (Release Debuggable Build)
B17: Validation | C17: =COUNTIF('Detailed Logs'!C:C,"Validation") | D17: =COUNTIFS('Detailed Logs'!C:C,"Validation",'Detailed Logs'!I:I,"Pass") | E17: =COUNTIFS('Detailed Logs'!C:C,"Validation",'Detailed Logs'!I:I,"Skip") | F17: =D17/(C17-E17) | H17: Target Package ID | I17: com.aistudio.peacemind.kfxztr
H18: Lead QA Engineer | I18: Automated QA Agent Studio

Sheet Detailed Logs
A1: Test Case ID | B1: Test Case Name | C1: Category | D1: Test Type | E1: Target Component | F1: Test Steps | G1: Expected Result | H1: Actual Result | I1: Status | J1: Duration (s) | K1: Notes / Compose Tags
A2: PM_UI_001 | B2: Login Screen Logo Rendering | C2: UI/UX | D2: Visual | E2: LoginScreen | F2: 1. Launch app. 2. Observe Login screen logo element. | G2: Google Spa logo icon is displayed centered at the top. | H2: Logo is rendered with correct lavender-to-blue gradient fill. | I2: Pass | J2: 0.07 | K2: Tag: none (default top icon)
A3: PM_UI_002 | B3: Login App Title Typography | C3: UI/UX | D3: Visual | E3: LoginScreen | F3: 1. Observe 'Peace Mind' title below the logo. | G3: Font weight is Bold, size is 32.sp, color matches theme text color. | H3: Title rendered successfully in correct font size and dark theme text color. | I3: Pass | J3: 0.06 | K3: Verified visually matching mocks
A4: PM_UI_003 | B4: Login Input Fields Borders | C4: UI/UX | D4: Visual | E4: LoginScreen | F4: 1. Focus on Email field. 2. Note border color. 3. Defocus and note border color. | G4: Active outline border turns primary color. Inactive border is dark outline variant. | H4: Border colors transition smoothly on active/inactive states. | I4: Pass | J4: 0.06 | K4: Tags: login_email_input
A5: PM_UI_004 | B5: Remember Me Alignment | C5: UI/UX | D5: Visual | E5: LoginScreen | F5: 1. Observe 'Remember Me' checkbox and label spacing. | G5: Checkbox is aligned horizontally with the text label, centered vertically. | H5: Checkbox and text are perfectly aligned with 8.dp spacer. | I5: Pass | J5: 0.06 | K5: Tag: login_remember_checkbox
A6: PM_UI_005 | B6: Register Screen Gradient Fill | C6: UI/UX | D6: Visual | E6: RegisterScreen | F6: 1. Navigate to Register screen. 2. Inspect the screen background styling. | G6: Background has a soft vertical gradient ending in PeaceSecondary (15% opacity). | H6: Vertical background gradient renders correctly. | I6: Pass | J6: 0.09 | K6: Matches app theme guidelines
A7: PM_UI_006 | B7: Register Button Visual State | C7: UI/UX | D7: Visual | E7: RegisterScreen | F7: 1. Check button background color and font styling. | G7: Button background is PeaceSecondary, text is white, size 16.sp, bold. | H7: Button displays correct styling parameters. | I7: Pass | J7: 0.08 | K7: Tag: register_button
A8: PM_UI_007 | B8: Google Sign-In Button Outline | C8: UI/UX | D8: Visual | E8: LoginScreen | F8: 1. Observe 'Sign in with Google' button outline styling. | G8: Outlined button with a fingerprint icon, border style matching onSurface color. | H8: Button outline and Google fingerprint icon match expected layouts. | I8: Pass | J8: 0.09 | K8: Tag: google_login_button
A9: PM_UI_008 | B9: Bottom Nav Bar Height & Padding | C9: UI/UX | D9: Visual | E9: MainContainer | F9: 1. Log in. 2. Observe Bottom Navigation Bar boundaries. | G9: Height and bottom padding align with standard navigation specifications. | H9: Height is 80.dp, bottom padding is correct for safe drawing insets. | I9: Pass | J9: 0.06 | K9: Tag: bottom_nav_bar
A10: PM_UI_009 | B10: Navigation Tab Icon Highlights | C10: UI/UX | D10: Visual | E10: MainContainer | F10: 1. Select 'Mood' tab. 2. Observe 'Mood' icon. 3. Observe 'Home' icon. | G10: Selected tab uses filled icon variant, unselected tabs use outlined variants. | H10: Selected tab changes to filled icon. Unselected tabs remain outlined. | I10: Pass | J10: 0.05 | K10: Tags: nav_home, nav_mood
A11: PM_UI_010 | B11: Top App Bar Header Title Text | C11: UI/UX | D11: Visual | E11: MainContainer | F11: 1. Select different bottom navigation tabs. 2. Read top bar title. | G11: Title matches the selected tab ('Peace Mind', 'Mood Tracker', 'Diary Journal', etc.). | H11: Title transitions dynamically matching active tab string. | I11: Pass | J11: 0.09 | K11: Transitions occur in 220ms
A12: PM_UI_011 | B12: Settings Back Button Rendering | C12: UI/UX | D12: Visual | E12: MainContainer | F12: 1. Click Settings button. 2. Verify presence of back navigation button in Top Bar. | G12: Back arrow icon appears in the Top Bar left corner. | H12: Back arrow icon renders correctly on SettingsScreen. | I12: Pass | J12: 0.05 | K12: Tag: top_bar_back_button
A13: PM_UI_012 | B13: Tranquility Card Visual Layout | C13: UI/UX | D13: Visual | E13: DashboardScreen | F13: 1. Open Home/Dashboard screen. 2. Observe main banner card. | G13: Card displays rounded corners (24.dp) and a soft gradient background. | H13: Card displays correct rounding and gradient fills. | I13: Pass | J13: 0.05 | K13: Tag: tranquility_card
... A106: PM_VD_105 | B106: AI Companion Empty Message Input Send block | C106: Validation | D106: Input Verification | E106: AiCompanionScreen | F106: 1. Leave message chat input blank. 2. Click send message button. | G106: Click is ignored or triggers validation block. AI chatbot thread does not launch request. | H106: Send message button click ignored, blank spaces trimmed before evaluate. | I106: Skip | J106: 0.054 | K106: Skipped - button is disabled by state ui flow directly
